Variant;Variant ID;Language;Feature name;Feature group;Position
" 10 oz";"935";"ru";"Размер";"";"0"
" 10.5 USA";"940";"ru";"Размер";"";"0"
" 12 oz";"922";"ru";"Размер";"";"0"
" 14 oz";"921";"ru";"Размер";"";"0"
" 16 oz";"918";"ru";"Размер";"";"0"
" 8 oz";"931";"ru";"Размер";"";"0"
" 9 USA";"942";"ru";"Размер";"";"0"
" 9.5 USA";"943";"ru";"Размер";"";"0"
" A1";"957";"ru";"Размер";"";"0"
" A1L";"959";"ru";"Размер";"";"0"
" A2";"960";"ru";"Размер";"";"0"
" L";"951";"ru";"Размер";"";"0"
" M";"945";"ru";"Размер";"";"0"
" S";"947";"ru";"Размер";"";"0"
" XL";"955";"ru";"Размер";"";"0"
" XS";"948";"ru";"Размер";"";"0"
"(25 шт - 4,5  х 7,5)";"407";"ru";"Размер";"";"0"
"-3.0";"626";"ru";"Размер";"";"0"
"-4.0";"624";"ru";"Размер";"";"0"
"-5.0";"625";"ru";"Размер";"";"0"
"0,3 см х 15 см х 180 см";"640";"ru";"Размер";"";"0"
"0,6 см х 15 см х 180 см";"641";"ru";"Размер";"";"0"
"1,2 м";"770";"ru";"Размер";"";"0"
"1,250 кг";"372";"ru";"Размер";"";"0"
"10";"335";"ru";"Размер";"";"0"
"10 oz";"645";"ru";"Размер";"";"0"
"10 oz+";"677";"ru";"Размер";"";"0"
"10 USA";"289";"ru";"Размер";"";"0"
"10 кг";"350";"ru";"Размер";"";"0"
"10 м";"255";"ru";"Размер";"";"0"
"10 см х 15 см";"780";"ru";"Размер";"";"0"
"10,0 см х 10,0 см х 0,5 см";"370";"ru";"Размер";"";"0"
"10,0 см х 10,0 см х 1,25 см";"371";"ru";"Размер";"";"0"
"10-29кг";"697";"ru";"Размер";"";"0"
"10.5 USA";"290";"ru";"Размер";"";"0"
"100";"382";"ru";"Размер";"";"0"
"100*35см";"597";"ru";"Размер";"";"0"
"100-110";"449";"ru";"Размер";"";"0"
"10oz LXL";"655";"ru";"Размер";"";"0"
"10oz SM";"656";"ru";"Размер";"";"0"
"11 USA";"300";"ru";"Размер";"";"0"
"11,4 гр";"460";"ru";"Размер";"";"0"
"11-13 лет";"790";"ru";"Размер";"";"0"
"11.5 USA";"472";"ru";"Размер";"";"0"
"11/12";"797";"ru";"Размер";"";"0"
"110";"384";"ru";"Размер";"";"0"
"110-120";"453";"ru";"Размер";"";"0"
"113 гр";"387";"ru";"Размер";"";"0"
"12";"344";"ru";"Размер";"";"0"
"12 oz";"319";"ru";"Размер";"";"0"
"12 USA";"473";"ru";"Размер";"";"0"
"12.5 USA";"470";"ru";"Размер";"";"0"
"120";"375";"ru";"Размер";"";"0"
"120 х 33 см";"559";"ru";"Размер";"";"0"
"120*30-45";"561";"ru";"Размер";"";"0"
"120-130";"450";"ru";"Размер";"";"0"
"128";"544";"ru";"Размер";"";"0"
"12oz";"672";"ru";"Размер";"";"0"
"12oz LXL";"650";"ru";"Размер";"";"0"
"12oz SM";"651";"ru";"Размер";"";"0"
"13 USA";"471";"ru";"Размер";"";"0"
"13,9 х19 см";"721";"ru";"Размер";"";"0"
"13-37кг";"771";"ru";"Размер";"";"0"
"13.5 USA";"508";"ru";"Размер";"";"0"
"13/14";"794";"ru";"Размер";"";"0"
"130";"376";"ru";"Размер";"";"0"
"130 x 70 см";"706";"ru";"Размер";"";"0"
"130-140";"451";"ru";"Размер";"";"0"
"135*50";"556";"ru";"Размер";"";"0"
"14";"345";"ru";"Размер";"";"0"
"14 oz";"320";"ru";"Размер";"";"0"
"14 USA";"474";"ru";"Размер";"";"0"
"14 м";"240";"ru";"Размер";"";"0"
"140";"377";"ru";"Размер";"";"0"
"140-150";"452";"ru";"Размер";"";"0"
"146";"546";"ru";"Размер";"";"0"
"14oz";"916";"ru";"Размер";"";"0"
"14oz LXL";"652";"ru";"Размер";"";"0"
"14oz SM";"653";"ru";"Размер";"";"0"
"15 кг";"351";"ru";"Размер";"";"0"
"15 м";"241";"ru";"Размер";"";"0"
"15 см х 25 см";"781";"ru";"Размер";"";"0"
"15,24 см х 30 см х 48 см";"642";"ru";"Размер";"";"0"
"150";"257";"ru";"Размер";"";"0"
"150 х 33 см";"557";"ru";"Размер";"";"0"
"150-160";"456";"ru";"Размер";"";"0"
"152";"545";"ru";"Размер";"";"0"
"155";"445";"ru";"Размер";"";"0"
"158";"548";"ru";"Размер";"";"0"
"15х23";"365";"ru";"Размер";"";"0"
"16 oz";"321";"ru";"Размер";"";"0"
"16 oz+";"670";"ru";"Размер";"";"0"
"16-37кг";"696";"ru";"Размер";"";"0"
"160";"378";"ru";"Размер";"";"0"
"164";"789";"ru";"Размер";"";"0"
"165";"446";"ru";"Размер";"";"0"
"16oz";"694";"ru";"Размер";"";"0"
"16oz LXL";"654";"ru";"Размер";"";"0"
"16oz SM";"671";"ru";"Размер";"";"0"
"17-54кг";"409";"ru";"Размер";"";"0"
"170";"379";"ru";"Размер";"";"0"
"175";"447";"ru";"Размер";"";"0"
"18 oz";"660";"ru";"Размер";"";"0"
"180";"380";"ru";"Размер";"";"0"
"180 см";"374";"ru";"Размер";"";"0"
"180 х 33 см";"558";"ru";"Размер";"";"0"
"180*35см";"598";"ru";"Размер";"";"0"
"185";"448";"ru";"Размер";"";"0"
"18х25";"366";"ru";"Размер";"";"0"
"190";"381";"ru";"Размер";"";"0"
"195";"455";"ru";"Размер";"";"0"
"2,5 кг";"373";"ru";"Размер";"";"0"
"2,5 м";"251";"ru";"Размер";"";"0"
"2,5 см х 10 м";"764";"ru";"Размер";"";"0"
"2,5 см х 5 м";"765";"ru";"Размер";"";"0"
"2,5 см х 9,14 м";"749";"ru";"Размер";"";"0"
"2,54 м";"256";"ru";"Размер";"";"0"
"2,75 м";"245";"ru";"Размер";"";"0"
"2,8 м";"720";"ru";"Размер";"";"0"
"2.5 м";"259";"ru";"Размер";"";"0"
"2.55м";"260";"ru";"Размер";"";"0"
"2.5м";"261";"ru";"Размер";"";"0"
"20 oz";"661";"ru";"Размер";"";"0"
"20 кг";"352";"ru";"Размер";"";"0"
"20/65/35*100-50";"357";"ru";"Размер";"";"0"
"200";"454";"ru";"Размер";"";"0"
"20х100-40";"361";"ru";"Размер";"";"0"
"220";"717";"ru";"Размер";"";"0"
"23-68кг";"730";"ru";"Размер";"";"0"
"23x15";"367";"ru";"Размер";"";"0"
"24";"517";"ru";"Размер";"";"0"
"240";"718";"ru";"Размер";"";"0"
"25 кг";"353";"ru";"Размер";"";"0"
"25*80-20";"566";"ru";"Размер";"";"0"
"25x18";"368";"ru";"Размер";"";"0"
"26";"518";"ru";"Размер";"";"0"
"260";"714";"ru";"Размер";"";"0"
"27,9 х19 см";"722";"ru";"Размер";"";"0"
"28";"519";"ru";"Размер";"";"0"
"280";"715";"ru";"Размер";"";"0"
"283 гр";"388";"ru";"Размер";"";"0"
"29.5";"787";"ru";"Размер";"";"0"
"2T";"515";"ru";"Размер";"";"0"
"2XL";"1";"ru";"Размер";"";"0"
"2XS";"404";"ru";"Размер";"";"0"
"3 кг";"554";"ru";"Размер";"";"0"
"3 м";"242";"ru";"Размер";"";"0"
"3 мм х 15 см х 2,5 м";"347";"ru";"Размер";"";"0"
"3,5";"253";"ru";"Размер";"";"0"
"3,5 м";"246";"ru";"Размер";"";"0"
"3,75 oz (105 г)";"748";"ru";"Размер";"";"0"
"3,8 м";"252";"ru";"Размер";"";"0"
"3,8 см х 13,7 м";"759";"ru";"Размер";"";"0"
"3,8 см х 13,72 м";"750";"ru";"Размер";"";"0"
"3,8 см х 6,85 м";"763";"ru";"Размер";"";"0"
"3,8 см х 9,1 м";"769";"ru";"Размер";"";"0"
"3-15кг";"467";"ru";"Размер";"";"0"
"30";"520";"ru";"Размер";"";"0"
"30*100-25";"567";"ru";"Размер";"";"0"
"30*100-35";"568";"ru";"Размер";"";"0"
"30*120-40";"596";"ru";"Размер";"";"0"
"30*120-45";"565";"ru";"Размер";"";"0"
"30*120-60";"571";"ru";"Размер";"";"0"
"30*150-50";"560";"ru";"Размер";"";"0"
"30*150-70";"573";"ru";"Размер";"";"0"
"30*180-60";"574";"ru";"Размер";"";"0"
"30*180-65";"575";"ru";"Размер";"";"0"
"300";"713";"ru";"Размер";"";"0"
"30х100-40";"569";"ru";"Размер";"";"0"
"30х120-45";"577";"ru";"Размер";"";"0"
"30х120-50";"570";"ru";"Размер";"";"0"
"30х150-60";"572";"ru";"Размер";"";"0"
"30х180-70";"576";"ru";"Размер";"";"0"
"31";"785";"ru";"Размер";"";"0"
"32";"281";"ru";"Размер";"";"0"
"32-34";"737";"ru";"Размер";"";"0"
"32-80кг";"609";"ru";"Размер";"";"0"
"32/16х40х75";"703";"ru";"Размер";"";"0"
"32/20*110-45";"562";"ru";"Размер";"";"0"
"32/20*110-50";"563";"ru";"Размер";"";"0"
"32/20*120-45";"578";"ru";"Размер";"";"0"
"320";"716";"ru";"Размер";"";"0"
"33";"282";"ru";"Размер";"";"0"
"34";"283";"ru";"Размер";"";"0"
"34-36";"738";"ru";"Размер";"";"0"
"34.5";"786";"ru";"Размер";"";"0"
"35";"275";"ru";"Размер";"";"0"
"35*120-45";"581";"ru";"Размер";"";"0"
"35*120-50";"582";"ru";"Размер";"";"0"
"35*120-55";"583";"ru";"Размер";"";"0"
"35*120-60";"584";"ru";"Размер";"";"0"
"35*120-70";"586";"ru";"Размер";"";"0"
"35*150-38";"324";"ru";"Размер";"";"0"
"35*150-50";"588";"ru";"Размер";"";"0"
"35*150-70";"323";"ru";"Размер";"";"0"
"35*180-80";"590";"ru";"Размер";"";"0"
"35*180-85";"322";"ru";"Размер";"";"0"
"35*70-25";"358";"ru";"Размер";"";"0"
"35-38";"602";"ru";"Размер";"";"0"
"35.5";"752";"ru";"Размер";"";"0"
"35/20*120-45";"595";"ru";"Размер";"";"0"
"35х110-45";"579";"ru";"Размер";"";"0"
"35х120-61";"585";"ru";"Размер";"";"0"
"35х135-55";"587";"ru";"Размер";"";"0"
"35х150-75";"589";"ru";"Размер";"";"0"
"36";"276";"ru";"Размер";"";"0"
"36-38";"739";"ru";"Размер";"";"0"
"36.5";"753";"ru";"Размер";"";"0"
"37";"277";"ru";"Размер";"";"0"
"37/38";"731";"ru";"Размер";"";"0"
"38";"278";"ru";"Размер";"";"0"
"38-40";"740";"ru";"Размер";"";"0"
"38-7";"364";"ru";"Размер";"";"0"
"38.5";"287";"ru";"Размер";"";"0"
"39";"279";"ru";"Размер";"";"0"
"39-42";"604";"ru";"Размер";"";"0"
"39-44";"608";"ru";"Размер";"";"0"
"39.5";"295";"ru";"Размер";"";"0"
"39/40";"732";"ru";"Размер";"";"0"
"39/41";"536";"ru";"Размер";"";"0"
"39 ";"2387";"ru";"Размер";"";"0"
"3T";"516";"ru";"Размер";"";"0"
"3XL";"725";"ru";"Размер";"";"0"
"4 oz";"647";"ru";"Размер";"";"0"
"4 шт (3 мм х 15 см х 30 см)+ 4 шт (6 мм х 15 см х ";"348";"ru";"Размер";"";"0"
"4,5 кг";"390";"ru";"Размер";"";"0"
"4,5 м";"243";"ru";"Размер";"";"0"
"4,55 м";"247";"ru";"Размер";"";"0"
"40";"280";"ru";"Размер";"";"0"
"40 (7.5 USA)";"294";"ru";"Размер";"";"0"
"40*120-80";"591";"ru";"Размер";"";"0"
"40-15";"362";"ru";"Размер";"";"0"
"40-42";"741";"ru";"Размер";"";"0"
"40-5";"359";"ru";"Размер";"";"0"
"40.5";"285";"ru";"Размер";"";"0"
"40.5 (8 USA)";"307";"ru";"Размер";"";"0"
"40/30*120-60";"592";"ru";"Размер";"";"0"
"400 мл";"779";"ru";"Размер";"";"0"
"40 ";"2389";"ru";"Размер";"";"0"
"41";"268";"ru";"Размер";"";"0"
"41 (8.5 USA)";"310";"ru";"Размер";"";"0"
"41-43";"605";"ru";"Размер";"";"0"
"41.5";"296";"ru";"Размер";"";"0"
"41.5 (9 USA)";"308";"ru";"Размер";"";"0"
"41/42";"733";"ru";"Размер";"";"0"
"41 ";"2390";"ru";"Размер";"";"0"
"42";"269";"ru";"Размер";"";"0"
"42 (9.5 USA)";"311";"ru";"Размер";"";"0"
"42,5 (10 USA)";"312";"ru";"Размер";"";"0"
"42-44";"742";"ru";"Размер";"";"0"
"42.5";"288";"ru";"Размер";"";"0"
"42/43";"537";"ru";"Размер";"";"0"
"42 ";"2391";"ru";"Размер";"";"0"
"43";"270";"ru";"Размер";"";"0"
"43 (10.5 USA)";"306";"ru";"Размер";"";"0"
"43-46";"603";"ru";"Размер";"";"0"
"43.5";"297";"ru";"Размер";"";"0"
"43.5 (11 USA)";"309";"ru";"Размер";"";"0"
"43/44";"734";"ru";"Размер";"";"0"
"43 ";"2392";"ru";"Размер";"";"0"
"44";"271";"ru";"Размер";"";"0"
"44 (11.5 USA)";"313";"ru";"Размер";"";"0"
"44-46";"743";"ru";"Размер";"";"0"
"44.5";"286";"ru";"Размер";"";"0"
"44/21*110-40";"325";"ru";"Размер";"";"0"
"44/46";"538";"ru";"Размер";"";"0"
"44 ";"2393";"ru";"Размер";"";"0"
"45";"272";"ru";"Размер";"";"0"
"45 (12 USA)";"314";"ru";"Размер";"";"0"
"45-90кг";"782";"ru";"Размер";"";"0"
"45.5 (12.5 USA)";"315";"ru";"Размер";"";"0"
"45/46";"735";"ru";"Размер";"";"0"
"45 ";"2394";"ru";"Размер";"";"0"
"45х150-45";"593";"ru";"Размер";"";"0"
"46";"273";"ru";"Размер";"";"0"
"46 (13 USA)";"316";"ru";"Размер";"";"0"
"46-48";"744";"ru";"Размер";"";"0"
"46.5 (13.5 USA)";"317";"ru";"Размер";"";"0"
"46 ";"2395";"ru";"Размер";"";"0"
"47";"274";"ru";"Размер";"";"0"
"47 (14 USA)";"318";"ru";"Размер";"";"0"
"47 [UK 12,5]";"754";"ru";"Размер";"";"0"
"47-49";"607";"ru";"Размер";"";"0"
"474 мл";"736";"ru";"Размер";"";"0"
"48-50";"745";"ru";"Размер";"";"0"
"4m";"267";"ru";"Размер";"";"0"
"4oz L";"689";"ru";"Размер";"";"0"
"4oz M";"690";"ru";"Размер";"";"0"
"4oz S";"691";"ru";"Размер";"";"0"
"4oz XL";"692";"ru";"Размер";"";"0"
"4XL";"726";"ru";"Размер";"";"0"
"4м";"254";"ru";"Размер";"";"0"
"5 кг";"354";"ru";"Размер";"";"0"
"5 м";"328";"ru";"Размер";"";"0"
"5 см х 32 м";"766";"ru";"Размер";"";"0"
"5 см х 4 м";"768";"ru";"Размер";"";"0"
"5 см х 5 м";"767";"ru";"Размер";"";"0"
"5,0 см  х 5 м";"459";"ru";"Размер";"";"0"
"5,0 см х 13,7 м";"760";"ru";"Размер";"";"0"
"5,0 см х 13,72 м";"751";"ru";"Размер";"";"0"
"5,0 см х 32 м";"755";"ru";"Размер";"";"0"
"5,0 см х 4,5 м";"468";"ru";"Размер";"";"0"
"5,0 см х 5 м";"756";"ru";"Размер";"";"0"
"5,0 см х 5,48 м";"723";"ru";"Размер";"";"0"
"5,0 см х 6,85 м";"761";"ru";"Размер";"";"0"
"5,0 см х 6,9 м";"802";"ru";"Размер";"";"0"
"5,5 м";"244";"ru";"Размер";"";"0"
"5-16кг";"698";"ru";"Размер";"";"0"
"5-6 лет";"402";"ru";"Размер";"";"0"
"5.5 USA";"493";"ru";"Размер";"";"0"
"5/6";"799";"ru";"Размер";"";"0"
"50*60*18";"704";"ru";"Размер";"";"0"
"50*60*22";"705";"ru";"Размер";"";"0"
"50-10";"360";"ru";"Размер";"";"0"
"50-52";"746";"ru";"Размер";"";"0"
"52-54";"747";"ru";"Размер";"";"0"
"56 см";"425";"ru";"Размер";"";"0"
"58 см";"426";"ru";"Размер";"";"0"
"6 oz";"643";"ru";"Размер";"";"0"
"6 USA";"491";"ru";"Размер";"";"0"
"6 мм х 15 см х 2,5 м";"349";"ru";"Размер";"";"0"
"6.5 USA";"492";"ru";"Размер";"";"0"
"60/20-90-65";"594";"ru";"Размер";"";"0"
"6oz";"658";"ru";"Размер";"";"0"
"7 USA";"475";"ru";"Размер";"";"0"
"7,0 см х 27,3 м";"757";"ru";"Размер";"";"0"
"7,5 USA";"484";"ru";"Размер";"";"0"
"7,5 см х 4,5 м";"469";"ru";"Размер";"";"0"
"7,5 см х 5,48 м";"724";"ru";"Размер";"";"0"
"7,5 см х 6,85 м";"762";"ru";"Размер";"";"0"
"7,5 см х 6,9 м";"801";"ru";"Размер";"";"0"
"7-8 лет";"403";"ru";"Размер";"";"0"
"7.5 USA";"301";"ru";"Размер";"";"0"
"7/8";"796";"ru";"Размер";"";"0"
"70 х 50 см";"708";"ru";"Размер";"";"0"
"7oz L";"686";"ru";"Размер";"";"0"
"7oz M";"687";"ru";"Размер";"";"0"
"7oz S";"693";"ru";"Размер";"";"0"
"7oz XL";"688";"ru";"Размер";"";"0"
"8";"334";"ru";"Размер";"";"0"
"8 oz";"646";"ru";"Размер";"";"0"
"8 USA";"476";"ru";"Размер";"";"0"
"8 кг";"555";"ru";"Размер";"";"0"
"8.5 USA";"293";"ru";"Размер";"";"0"
"85";"702";"ru";"Размер";"";"0"
"9";"284";"ru";"Размер";"";"0"
"9 USA";"291";"ru";"Размер";"";"0"
"9 кг";"389";"ru";"Размер";"";"0"
"9-10 лет";"401";"ru";"Размер";"";"0"
"9-29кг";"386";"ru";"Размер";"";"0"
"9.5 USA";"292";"ru";"Размер";"";"0"
"9/10";"795";"ru";"Размер";"";"0"
"90";"700";"ru";"Размер";"";"0"
"90*60/20-65";"564";"ru";"Размер";"";"0"
"946 мл";"343";"ru";"Размер";"";"0"
"95";"701";"ru";"Размер";"";"0"
"A 2.5";"440";"ru";"Размер";"";"0"
"A1";"429";"ru";"Размер";"";"0"
"A1L";"427";"ru";"Размер";"";"0"
"A2";"428";"ru";"Размер";"";"0"
"A3";"430";"ru";"Размер";"";"0"
"A4";"439";"ru";"Размер";"";"0"
"C1";"431";"ru";"Размер";"";"0"
"C2";"432";"ru";"Размер";"";"0"
"CO";"433";"ru";"Размер";"";"0"
"COO";"434";"ru";"Размер";"";"0"
"F1";"457";"ru";"Размер";"";"0"
"F1L";"719";"ru";"Размер";"";"0"
"F2";"458";"ru";"Размер";"";"0"
"K00";"711";"ru";"Размер";"";"0"
"K1";"437";"ru";"Размер";"";"0"
"K2";"435";"ru";"Размер";"";"0"
"K3";"438";"ru";"Размер";"";"0"
"K4";"436";"ru";"Размер";"";"0"
"L";"216";"ru";"Размер";"";"0"
"L/XL";"219";"ru";"Размер";"";"0"
"LL";"2409";"ru";"Размер";"";"0"
"LXL";"6";"ru";"Размер";"";"0"
"M";"2";"ru";"Размер";"";"0"
"M/L";"356";"ru";"Размер";"";"0"
"Micro";"533";"ru";"Размер";"";"0"
"One size";"213";"ru";"Размер";"";"0"
"Oversize";"553";"ru";"Размер";"";"0"
"S";"5";"ru";"Размер";"";"0"
"S/M";"220";"ru";"Размер";"";"0"
"SM";"685";"ru";"Размер";"";"0"
"Standart";"531";"ru";"Размер";"";"0"
"XL";"217";"ru";"Размер";"";"0"
"XL/XXL";"462";"ru";"Размер";"";"0"
"XS";"332";"ru";"Размер";"";"0"
"XS/S";"463";"ru";"Размер";"";"0"
"XXL";"337";"ru";"Размер";"";"0"
"XXL/XXXL";"464";"ru";"Размер";"";"0"
"XXS";"539";"ru";"Размер";"";"0"
"XXXL";"465";"ru";"Размер";"";"0"
"XXXXL";"728";"ru";"Размер";"";"0"
"Y1";"441";"ru";"Размер";"";"0"
"Y2";"442";"ru";"Размер";"";"0"
"Y3";"443";"ru";"Размер";"";"0"
"Y4";"444";"ru";"Размер";"";"0"
"К1";"710";"ru";"Размер";"";"0"
"К2";"709";"ru";"Размер";"";"0"
"Перчатки тренировчные Elite ProStyle Everlast (P00001197, Everlast, 12 oz, Китай , бело-черный)";"887";"ru";"Размер";"";"0"
"Перчатки тренировчные Elite ProStyle Everlast (P00001197-14, Everlast, 14 oz, Китай , бело-черный)";"909";"ru";"Размер";"";"0"
"Перчатки тренировчные Elite ProStyle Everlast (P00001197-16, Everlast, 16 oz, Китай , бело-черный)";"908";"ru";"Размер";"";"0"
"Перчатки тренировчные Elite ProStyle Everlast (P00001198, Everlast, 14 oz, Китай , красный)";"904";"ru";"Размер";"";"0"
"Перчатки тренировчные Elite ProStyle Everlast (P00001200, Everlast, 16 oz, Китай , красный)";"888";"ru";"Размер";"";"0"
"Перчатки тренировчные Elite ProStyle Everlast (P00001201, Everlast, 14 oz, Китай , черный)";"901";"ru";"Размер";"";"0"
"Перчатки тренировчные Elite ProStyle Everlast (P00001202, Everlast, 16 oz, Китай , черный)";"912";"ru";"Размер";"";"0"
"Перчатки тренировчные Elite ProStyle Everlast (P00001203, Everlast, 14 oz, Китай , синий/красный)";"890";"ru";"Размер";"";"0"
"Перчатки тренировчные Elite ProStyle Everlast (P00001203-12, Everlast, 12 oz, Китай , синий/красный)";"898";"ru";"Размер";"";"0"
"Перчатки тренировчные Elite ProStyle Everlast (P00001204, Everlast, 16 oz, Китай , синий/красный)";"903";"ru";"Размер";"";"0"
"Перчатки тренировчные Elite ProStyle Everlast (P00001205, Everlast, 14 oz, Китай , синий)";"897";"ru";"Размер";"";"0"
"Перчатки тренировчные Elite ProStyle Everlast (P00001206, Everlast, 16 oz, Китай , синий)";"902";"ru";"Размер";"";"0"
"Перчатки тренировчные Elite ProStyle Everlast (P00001239, Everlast, 8 oz, Китай , черный)";"913";"ru";"Размер";"";"0"
"Перчатки тренировчные Elite ProStyle Everlast (P00001240, Everlast, 12 oz, Китай , черный)";"907";"ru";"Размер";"";"0"
"Перчатки тренировчные Elite ProStyle Everlast (P00001240-10, Everlast, 10 oz, Китай , черный)";"905";"ru";"Размер";"";"0"
"Перчатки тренировчные Elite ProStyle Everlast (P00001241, Everlast, 8 oz, Китай , синий)";"914";"ru";"Размер";"";"0"
"Перчатки тренировчные Elite ProStyle Everlast (P00001242, Everlast, 12 oz, Китай , синий)";"910";"ru";"Размер";"";"0"
"Перчатки тренировчные Elite ProStyle Everlast (P00001242-10, Everlast, 10 oz, Китай , синий)";"886";"ru";"Размер";"";"0"
"Перчатки тренировчные Elite ProStyle Everlast (P00001243, Everlast, 12 oz, Китай , красный)";"911";"ru";"Размер";"";"0"
"Перчатки тренировчные Elite ProStyle Everlast (P00001243-10, Everlast, 10 oz, Китай , красный)";"891";"ru";"Размер";"";"0"
"Перчатки тренировчные Elite ProStyle Everlast (P00001243-8, Everlast, 8 oz, Китай , красный)";"892";"ru";"Размер";"";"0"
"Перчатки тренировчные Elite ProStyle Everlast (P00002331, Everlast, 12 oz, Китай , темно-синий)";"900";"ru";"Размер";"";"0"
"Перчатки тренировчные Elite ProStyle Everlast (P00002332, Everlast, 14 oz, Китай , темно-синий)";"895";"ru";"Размер";"";"0"
"Перчатки тренировчные Elite ProStyle Everlast (P00002333, Everlast, 16 oz, Китай , темно-синий)";"899";"ru";"Размер";"";"0"
"Перчатки тренировчные Elite ProStyle Everlast (P00002339, Everlast, 8 oz, Китай , зеленый)";"906";"ru";"Размер";"";"0"
"Перчатки тренировчные Elite ProStyle Everlast (P00002343, Everlast, 16 oz, Китай , зеленый)";"893";"ru";"Размер";"";"0"
"Перчатки тренировчные Elite ProStyle Everlast (P00002351, Everlast, 680, 12 oz, Китай , золотой)";"894";"ru";"Размер";"";"0"
"Перчатки тренировчные Elite ProStyle Everlast (P00002352, Everlast, 795, 14 oz, Китай , золотой)";"896";"ru";"Размер";"";"0"
"Перчатки тренировчные Elite ProStyle Everlast (P00002353, Everlast, 910, 16 oz, Китай , золотой)";"889";"ru";"Размер";"";"0"
" бело-черный  ";"929";"ru";"Цвет";"";"0"
" белый  ";"958";"ru";"Цвет";"";"0"
" зелено-черный  ";"941";"ru";"Цвет";"";"0"
" зеленый  ";"928";"ru";"Цвет";"";"0"
" золотой  ";"936";"ru";"Цвет";"";"0"
" красно-черный  ";"2386";"ru";"Цвет";"";"0"
" красный  ";"934";"ru";"Цвет";"";"0"
" сине-оранжевый  ";"949";"ru";"Цвет";"";"0"
" синий  ";"933";"ru";"Цвет";"";"0"
" синий/красный  ";"927";"ru";"Цвет";"";"0"
" темно-серый  ";"953";"ru";"Цвет";"";"0"
" темно-синий  ";"930";"ru";"Цвет";"";"0"
" черно-белый  ";"2385";"ru";"Цвет";"";"0"
" черно-красный  ";"920";"ru";"Цвет";"";"0"
" черно-розовый  ";"946";"ru";"Цвет";"";"0"
" черно-серый  ";"923";"ru";"Цвет";"";"0"
" черный  ";"932";"ru";"Цвет";"";"0"
"Black";"2411";"ru";"Цвет";"";"0"
"Бежевый";"263";"ru";"Цвет";"";"0"
"бело-бежевый";"667";"ru";"Цвет";"";"0"
"бело-бирюзовый";"500";"ru";"Цвет";"";"0"
"бело-бордовый";"668";"ru";"Цвет";"";"0"
"бело-голубой";"410";"ru";"Цвет";"";"0"
"бело-зеленый";"411";"ru";"Цвет";"";"0"
"бело-золотой";"363";"ru";"Цвет";"";"0"
"бело-красно-черный";"383";"ru";"Цвет";"";"0"
"бело-красный";"412";"ru";"Цвет";"";"0"
"бело-оранжевый";"511";"ru";"Цвет";"";"0"
"бело-розовый";"413";"ru";"Цвет";"";"0"
"бело-серебряный";"772";"ru";"Цвет";"";"0"
"бело-серый";"398";"ru";"Цвет";"";"0"
"бело-фиолетовый";"631";"ru";"Цвет";"";"0"
"бело-черный";"258";"ru";"Цвет";"";"0"
"белый";"232";"ru";"Цвет";"";"0"
"белый/голубой";"612";"ru";"Цвет";"";"0"
"белый/голубой/красный";"235";"ru";"Цвет";"";"0"
"белый/зеленый";"396";"ru";"Цвет";"";"0"
"белый/серый";"399";"ru";"Цвет";"";"0"
"белый/черный/зеленый";"423";"ru";"Цвет";"";"0"
"белый/черный/красный";"541";"ru";"Цвет";"";"0"
"белый/черный/серебристый";"679";"ru";"Цвет";"";"0"
"белый/черный/серый";"606";"ru";"Цвет";"";"0"
"белый/черный/синий";"542";"ru";"Цвет";"";"0"
"бирюзово-фиолетовый";"499";"ru";"Цвет";"";"0"
"бирюзово-черный";"774";"ru";"Цвет";"";"0"
"бирюзовый";"549";"ru";"Цвет";"";"0"
"Бордовый";"264";"ru";"Цвет";"";"0"
"голубо-белый";"480";"ru";"Цвет";"";"0"
"голубо-желтый";"791";"ru";"Цвет";"";"0"
"голубо-оранжевый";"236";"ru";"Цвет";"";"0"
"голубо-серый";"729";"ru";"Цвет";"";"0"
"голубо-фиолетовый";"488";"ru";"Цвет";"";"0"
"голубо-черный";"419";"ru";"Цвет";"";"0"
"голубовато-белый";"792";"ru";"Цвет";"";"0"
"голубовато-желтый";"793";"ru";"Цвет";"";"0"
"голубовато-красный";"406";"ru";"Цвет";"";"0"
"голубовато-черный";"798";"ru";"Цвет";"";"0"
"голубой";"248";"ru";"Цвет";"";"0"
"голубой/зеленый";"618";"ru";"Цвет";"";"0"
"голубой/серый/черный";"486";"ru";"Цвет";"";"0"
"голубой/синий/красный";"784";"ru";"Цвет";"";"0"
"голубойсбелым";"659";"ru";"Цвет";"";"0"
"графитово-голубой";"550";"ru";"Цвет";"";"0"
"графитово-желтый";"551";"ru";"Цвет";"";"0"
"графитово-розовый";"552";"ru";"Цвет";"";"0"
"графитово-серый";"340";"ru";"Цвет";"";"0"
"графитово-синий";"501";"ru";"Цвет";"";"0"
"графитово-черный";"369";"ru";"Цвет";"";"0"
"графитовый";"341";"ru";"Цвет";"";"0"
"дымчатый";"616";"ru";"Цвет";"";"0"
"дымчатый/оранжевый/желтый";"632";"ru";"Цвет";"";"0"
"дымчатый/розовый";"620";"ru";"Цвет";"";"0"
"дымчатый/светло-зеленый/черный";"633";"ru";"Цвет";"";"0"
"желто-красный";"528";"ru";"Цвет";"";"0"
"желто-синий";"530";"ru";"Цвет";"";"0"
"желто-черный";"218";"ru";"Цвет";"";"0"
"желтый";"249";"ru";"Цвет";"";"0"
"желтый/голубой/черный";"503";"ru";"Цвет";"";"0"
"желтый/пурпурный";"529";"ru";"Цвет";"";"0"
"зелен";"600";"ru";"Цвет";"";"0"
"зелено-желтый";"775";"ru";"Цвет";"";"0"
"зелено-синий";"636";"ru";"Цвет";"";"0"
"зелено-черный";"420";"ru";"Цвет";"";"0"
"зеленый";"266";"ru";"Цвет";"";"0"
"зеленый/желтый/голубой";"800";"ru";"Цвет";"";"0"
"зеленый/желтый/оранжевый";"803";"ru";"Цвет";"";"0"
"зеленый/красный";"727";"ru";"Цвет";"";"0"
"зеленый/серый";"628";"ru";"Цвет";"";"0"
"золотистый";"644";"ru";"Цвет";"";"0"
"золотой";"663";"ru";"Цвет";"";"0"
"Золотой/Радужный/Черный";"634";"ru";"Цвет";"";"0"
"золотой/синий";"638";"ru";"Цвет";"";"0"
"камуфляж";"231";"ru";"Цвет";"";"0"
"камуфляжно-оранжевый";"804";"ru";"Цвет";"";"0"
"камуфляжно-серый";"233";"ru";"Цвет";"";"0"
"коричневый";"222";"ru";"Цвет";"";"0"
"красно-белый";"346";"ru";"Цвет";"";"0"
"красно-зеленый";"773";"ru";"Цвет";"";"0"
"красно-золотой";"534";"ru";"Цвет";"";"0"
"красно-оранжевый";"601";"ru";"Цвет";"";"0"
"красно-серый";"326";"ru";"Цвет";"";"0"
"красно-черный";"303";"ru";"Цвет";"";"0"
"красно/синий";"327";"ru";"Цвет";"";"0"
"Красный";"3";"ru";"Цвет";"";"0"
"красный-белый";"547";"ru";"Цвет";"";"0"
"красный/белый/черный";"214";"ru";"Цвет";"";"0"
"красный/серый/прозрачный";"627";"ru";"Цвет";"";"0"
"красный/синий/серебряный";"681";"ru";"Цвет";"";"0"
"красный ";"2388";"ru";"Цвет";"";"0"
"Луна";"2412";"ru";"Цвет";"";"0"
"Мечта";"2410";"ru";"Цвет";"";"0"
"мятный";"783";"ru";"Цвет";"";"0"
"натуральный";"758";"ru";"Цвет";"";"0"
"оранжево-белый";"485";"ru";"Цвет";"";"0"
"оранжево-пурпурный";"525";"ru";"Цвет";"";"0"
"оранжево-серый";"424";"ru";"Цвет";"";"0"
"оранжево-черный";"421";"ru";"Цвет";"";"0"
"оранжевый";"250";"ru";"Цвет";"";"0"
"оранжевый/белый/серый";"630";"ru";"Цвет";"";"0"
"прозрачная";"408";"ru";"Цвет";"";"0"
"прозрачный";"239";"ru";"Цвет";"";"0"
"прозрачный/белый/синий";"613";"ru";"Цвет";"";"0"
"Прозрачный/Зеленый/Оранжевый";"619";"ru";"Цвет";"";"0"
"прозрачный/сине-зеленый";"621";"ru";"Цвет";"";"0"
"пурпур/мульти";"526";"ru";"Цвет";"";"0"
"пурпурный";"712";"ru";"Цвет";"";"0"
"радужный/розовый";"637";"ru";"Цвет";"";"0"
"розово-зеленый";"639";"ru";"Цвет";"";"0"
"розово-оранжевый";"496";"ru";"Цвет";"";"0"
"розово-черный";"422";"ru";"Цвет";"";"0"
"розовый";"223";"ru";"Цвет";"";"0"
"розовый/голубой";"478";"ru";"Цвет";"";"0"
"розовый/желтый";"615";"ru";"Цвет";"";"0"
"розовый/мульти";"514";"ru";"Цвет";"";"0"
"розовый/серый";"543";"ru";"Цвет";"";"0"
"розовыйсбелым";"495";"ru";"Цвет";"";"0"
"салатовый";"610";"ru";"Цвет";"";"0"
"светло-серый";"777";"ru";"Цвет";"";"0"
"сеорый";"776";"ru";"Цвет";"";"0"
"серебристый";"682";"ru";"Цвет";"";"0"
"серебряно-белый";"497";"ru";"Цвет";"";"0"
"серебряно-голубой";"498";"ru";"Цвет";"";"0"
"серебряно-красный";"635";"ru";"Цвет";"";"0"
"серебряно-синий";"657";"ru";"Цвет";"";"0"
"серебряно-черный";"304";"ru";"Цвет";"";"0"
"серебряный";"683";"ru";"Цвет";"";"0"
"серо-белый";"330";"ru";"Цвет";"";"0"
"серо-голубой";"461";"ru";"Цвет";"";"0"
"серо-желтый";"512";"ru";"Цвет";"";"0"
"серо-зеленый";"494";"ru";"Цвет";"";"0"
"серо-красный";"299";"ru";"Цвет";"";"0"
"серо-оранжевый";"229";"ru";"Цвет";"";"0"
"серо-розовый";"490";"ru";"Цвет";"";"0"
"серо-синий";"416";"ru";"Цвет";"";"0"
"серо-черный";"225";"ru";"Цвет";"";"0"
"серый";"230";"ru";"Цвет";"";"0"
"серый/белый/зеленый";"417";"ru";"Цвет";"";"0"
"серый/белый/синий";"629";"ru";"Цвет";"";"0"
"серый/синий/оранжевый";"502";"ru";"Цвет";"";"0"
"серый/синий/розовый";"487";"ru";"Цвет";"";"0"
"серый/черный/красный";"540";"ru";"Цвет";"";"0"
"серый/черный/ярко-зеленый";"342";"ru";"Цвет";"";"0"
"сине-белый";"298";"ru";"Цвет";"";"0"
"сине-зеленый";"614";"ru";"Цвет";"";"0"
"сине-красно-белый";"385";"ru";"Цвет";"";"0"
"сине-красный";"400";"ru";"Цвет";"";"0"
"сине-оранжевый";"331";"ru";"Цвет";"";"0"
"сине-серебристый";"648";"ru";"Цвет";"";"0"
"сине-серый";"226";"ru";"Цвет";"";"0"
"сине-черный";"221";"ru";"Цвет";"";"0"
"Синий";"4";"ru";"Цвет";"";"0"
"синий/голубой";"699";"ru";"Цвет";"";"0"
"синий/зеленый/серый";"507";"ru";"Цвет";"";"0"
"синий/красный";"405";"ru";"Цвет";"";"0"
"синий/красный/белый";"302";"ru";"Цвет";"";"0"
"синий/мульти";"527";"ru";"Цвет";"";"0"
"синий/оранжевый";"509";"ru";"Цвет";"";"0"
"синий/оранжевый/черный";"510";"ru";"Цвет";"";"0"
"синий/прозрачный";"415";"ru";"Цвет";"";"0"
"синий/розовый";"477";"ru";"Цвет";"";"0"
"синий/розовый/белый";"788";"ru";"Цвет";"";"0"
"синий/розовый/голубой";"482";"ru";"Цвет";"";"0"
"синий/розовый/оранжевый";"524";"ru";"Цвет";"";"0"
"синий/розовый/серый";"522";"ru";"Цвет";"";"0"
"синий/серый/желтый";"504";"ru";"Цвет";"";"0"
"синий/фиолетовый";"599";"ru";"Цвет";"";"0"
"синий/черный/желтый";"506";"ru";"Цвет";"";"0"
"синий ";"2396";"ru";"Цвет";"";"0"
"синийсбелым";"622";"ru";"Цвет";"";"0"
"сиреневый/прозрачный";"623";"ru";"Цвет";"";"0"
"стальной";"265";"ru";"Цвет";"";"0"
"темно-серый";"336";"ru";"Цвет";"";"0"
"темно-синий";"338";"ru";"Цвет";"";"0"
"темносерый/желтый";"707";"ru";"Цвет";"";"0"
"фиолетово-белый";"664";"ru";"Цвет";"";"0"
"фиолетово-розовый";"483";"ru";"Цвет";"";"0"
"фиолетово-черный";"678";"ru";"Цвет";"";"0"
"фиолетовый";"262";"ru";"Цвет";"";"0"
"фиолетовый/красный/мятный";"617";"ru";"Цвет";"";"0"
"фиолетовый/розовый/серый";"489";"ru";"Цвет";"";"0"
"хаки/черный";"684";"ru";"Цвет";"";"0"
"черная";"418";"ru";"Цвет";"";"0"
"черно-бежевый";"669";"ru";"Цвет";"";"0"
"черно-белый";"234";"ru";"Цвет";"";"0"
"черно-бирюзовый";"649";"ru";"Цвет";"";"0"
"черно-бордовый";"481";"ru";"Цвет";"";"0"
"черно-бронзовые";"676";"ru";"Цвет";"";"0"
"черно-голубой";"394";"ru";"Цвет";"";"0"
"черно-графитовый";"395";"ru";"Цвет";"";"0"
"черно-желтый";"237";"ru";"Цвет";"";"0"
"черно-зеленый";"227";"ru";"Цвет";"";"0"
"черно-золотой";"397";"ru";"Цвет";"";"0"
"черно-коричневый";"580";"ru";"Цвет";"";"0"
"черно-красный";"224";"ru";"Цвет";"";"0"
"черно-оранжевая";"414";"ru";"Цвет";"";"0"
"черно-оранжевый";"238";"ru";"Цвет";"";"0"
"черно-розовый";"333";"ru";"Цвет";"";"0"
"черно-серебристый";"532";"ru";"Цвет";"";"0"
"черно-серебряный";"305";"ru";"Цвет";"";"0"
"черно-серый";"228";"ru";"Цвет";"";"0"
"черно-синий";"211";"ru";"Цвет";"";"0"
"черно-фиолетовый";"611";"ru";"Цвет";"";"0"
"черно/белый";"355";"ru";"Цвет";"";"0"
"черный";"212";"ru";"Цвет";"";"0"
"черный,серый,голуб";"392";"ru";"Цвет";"";"0"
"черный/белый/зеленый";"695";"ru";"Цвет";"";"0"
"черный/белый/золотой";"535";"ru";"Цвет";"";"0"
"черный/белый/серебряный";"680";"ru";"Цвет";"";"0"
"черный/голубой/красный";"513";"ru";"Цвет";"";"0"
"черный/голубой/серый";"662";"ru";"Цвет";"";"0"
"черный/голубой/фиолетовый";"665";"ru";"Цвет";"";"0"
"черный/желтый";"391";"ru";"Цвет";"";"0"
"черный/желтый/зеленый";"466";"ru";"Цвет";"";"0"
"черный/зеленый/желтый";"778";"ru";"Цвет";"";"0"
"черный/золотой/серебряный";"674";"ru";"Цвет";"";"0"
"черный/красный/белый";"329";"ru";"Цвет";"";"0"
"черный/красный/серебристый";"675";"ru";"Цвет";"";"0"
"черный/красный/серый";"673";"ru";"Цвет";"";"0"
"черный/розовый/оранжевый";"521";"ru";"Цвет";"";"0"
"черный/серебрянный";"339";"ru";"Цвет";"";"0"
"черный/серый/белый";"215";"ru";"Цвет";"";"0"
"черный/серый/голубой";"393";"ru";"Цвет";"";"0"
"черный/серый/желтый";"505";"ru";"Цвет";"";"0"
"черный/синий/белый";"479";"ru";"Цвет";"";"0"
"черный/синий/зеленый";"666";"ru";"Цвет";"";"0"
"черный/фиолетовый/оранжевый";"523";"ru";"Цвет";"";"0"
" Adidas";"939";"ru";"Бренд";"";"0"
" Arlan Grip";"956";"ru";"Бренд";"";"0"
" Asics";"950";"ru";"Бренд";"";"0"
" Dare 2b";"944";"ru";"Бренд";"";"0"
" Everlast";"925";"ru";"Бренд";"";"0"
" Hayabusa";"917";"ru";"Бренд";"";"0"
" САБО";"2383";"ru";"Бренд";"";"0"
"Adidas";"162";"ru";"Бренд";"";"0"
"Aqua Sphere";"145";"ru";"Бренд";"";"0"
"Arlan Grip";"117";"ru";"Бренд";"";"0"
"Asics";"136";"ru";"Бренд";"";"0"
"Bad Boy";"120";"ru";"Бренд";"";"0"
"Band4Power";"147";"ru";"Бренд";"";"0"
"BB Tape";"138";"ru";"Бренд";"";"0"
"Buff";"149";"ru";"Бренд";"";"0"
"Clinch";"155";"ru";"Бренд";"";"0"
"Dare 2b";"148";"ru";"Бренд";"";"0"
"Everlast";"114";"ru";"Бренд";"";"0"
"Firuz";"119";"ru";"Бренд";"";"0"
"Fixgear";"129";"ru";"Бренд";"";"0"
"Grande";"126";"ru";"Бренд";"";"0"
"Green hill";"122";"ru";"Бренд";"";"0"
"Hardcore Training";"131";"ru";"Бренд";"";"0"
"Hayabusa";"139";"ru";"Бренд";"";"0"
"Legflex";"140";"ru";"Бренд";"";"0"
"Makura";"130";"ru";"Бренд";"";"0"
"Marram Sport";"150";"ru";"Бренд";"";"0"
"Matsuru";"135";"ru";"Бренд";"";"0"
"Mizuno";"158";"ru";"Бренд";"";"0"
"Mueller";"156";"ru";"Бренд";"";"0"
"NAROO MASK 2020";"163";"ru";"Бренд";"";"0"
"New Balance";"113";"ru";"Бренд";"";"0"
"Nike";"134";"ru";"Бренд";"";"0"
"Polaroid";"164";"ru";"Бренд";"";"0"
"R4Power";"121";"ru";"Бренд";"";"0"
"RDX";"124";"ru";"Бренд";"";"0"
"Ringhorns";"161";"ru";"Бренд";"";"0"
"Rival";"167";"ru";"Бренд";"";"0"
"RockTape";"143";"ru";"Бренд";"";"0"
"Saucony";"141";"ru";"Бренд";"";"0"
"SKLZ";"168";"ru";"Бренд";"";"0"
"Speedo";"154";"ru";"Бренд";"";"0"
"SpiderTech";"116";"ru";"Бренд";"";"0"
"Title";"133";"ru";"Бренд";"";"0"
"TITLE BOXING";"805";"ru";"Бренд";"";"0"
"Totalbox";"128";"ru";"Бренд";"";"0"
"Training Mask";"144";"ru";"Бренд";"";"0"
"TRX";"123";"ru";"Бренд";"";"0"
"TYR";"165";"ru";"Бренд";"";"0"
"Ultimatum boxing";"152";"ru";"Бренд";"";"0"
"Venum";"146";"ru";"Бренд";"";"0"
"Warriors Equipment";"118";"ru";"Бренд";"";"0"
"WinWay";"151";"ru";"Бренд";"";"0"
"Ок Sport";"153";"ru";"Бренд";"";"0"
"САБО";"157";"ru";"Бренд";"";"0"
"Боевые шорты";"174";"ru";"Тип одежды (для размеров)";"";"0"
"Бутсы Adidas";"187";"ru";"Тип одежды (для размеров)";"";"0"
"Бутсы Nike";"186";"ru";"Тип одежды (для размеров)";"";"0"
"Верх";"181";"ru";"Тип одежды (для размеров)";"";"0"
"Ги";"178";"ru";"Тип одежды (для размеров)";"";"0"
"Детское Ги";"173";"ru";"Тип одежды (для размеров)";"";"0"
"Защита голени и стопы";"179";"ru";"Тип одежды (для размеров)";"";"0"
"Защита стопы для карате";"180";"ru";"Тип одежды (для размеров)";"";"0"
"Комбинезоны";"183";"ru";"Тип одежды (для размеров)";"";"0"
"Компрессионные шорты";"185";"ru";"Тип одежды (для размеров)";"";"0"
"Компрессионные штаны";"190";"ru";"Тип одежды (для размеров)";"";"0"
"Кроссовки asics";"189";"ru";"Тип одежды (для размеров)";"";"0"
"кроссовки Nike";"176";"ru";"Тип одежды (для размеров)";"";"0"
"Накладки для карате";"170";"ru";"Тип одежды (для размеров)";"";"0"
"Низ";"177";"ru";"Тип одежды (для размеров)";"";"0"
"Обувь";"171";"ru";"Тип одежды (для размеров)";"";"0"
"Перчатки для ММА";"175";"ru";"Тип одежды (для размеров)";"";"0"
"Рашгарды с длинными рукавами";"188";"ru";"Тип одежды (для размеров)";"";"0"
"Рашгарды с короткими рукавами";"172";"ru";"Тип одежды (для размеров)";"";"0"
"Спортивные шорты для подростков";"184";"ru";"Тип одежды (для размеров)";"";"0"
"Спортивный костюм";"182";"ru";"Тип одежды (для размеров)";"";"0"
"Футболки";"169";"ru";"Тип одежды (для размеров)";"";"0"
"Legasy 2.0";"191";"ru";"Серия";"";"0"
"P000012-11/P00002351-2353";"915";"ru";"Серия";"";"0"
"Pro 3.0";"192";"ru";"Серия";"";"0"
"Боевые шорты";"811";"ru";"Тип одежды (для размеров)";"";"0"
"Бутсы Adidas";"806";"ru";"Тип одежды (для размеров)";"";"0"
"Бутсы Adidas";"824";"ru";"Тип одежды (для размеров)";"";"0"
"Бутсы Nike";"823";"ru";"Тип одежды (для размеров)";"";"0"
"Верх";"818";"ru";"Тип одежды (для размеров)";"";"0"
"Ги";"815";"ru";"Тип одежды (для размеров)";"";"0"
"Детское Ги";"810";"ru";"Тип одежды (для размеров)";"";"0"
"Защита голени и стопы";"816";"ru";"Тип одежды (для размеров)";"";"0"
"Защита стопы для карате";"817";"ru";"Тип одежды (для размеров)";"";"0"
"Комбинезоны";"820";"ru";"Тип одежды (для размеров)";"";"0"
"Компрессионные шорты";"822";"ru";"Тип одежды (для размеров)";"";"0"
"Компрессионные штаны";"807";"ru";"Тип одежды (для размеров)";"";"0"
"Компрессионные штаны";"827";"ru";"Тип одежды (для размеров)";"";"0"
"Кроссовки asics";"826";"ru";"Тип одежды (для размеров)";"";"0"
"кроссовки Nike";"813";"ru";"Тип одежды (для размеров)";"";"0"
"Накладки для карате";"967";"ru";"Тип одежды (для размеров)";"";"0"
"Низ";"814";"ru";"Тип одежды (для размеров)";"";"0"
"Обувь";"808";"ru";"Тип одежды (для размеров)";"";"0"
"Перчатки для ММА";"812";"ru";"Тип одежды (для размеров)";"";"0"
"Рашгарды с длинными рукавами";"825";"ru";"Тип одежды (для размеров)";"";"0"
"Рашгарды с короткими рукавами";"809";"ru";"Тип одежды (для размеров)";"";"0"
"Спортивные шорты для подростков";"821";"ru";"Тип одежды (для размеров)";"";"0"
"Спортивный костюм";"819";"ru";"Тип одежды (для размеров)";"";"0"
"Футболки";"965";"ru";"Тип одежды (для размеров)";"";"0"
" Everlast";"937";"ru";"Бренд";"";"0"
" Hayabusa";"924";"ru";"Бренд";"";"0"
"Adidas";"877";"ru";"Бренд";"";"0"
"Adidas Football";"852";"ru";"Бренд";"";"0"
"Anta Sport";"842";"ru";"Бренд";"";"0"
"Aqua Sphere";"860";"ru";"Бренд";"";"0"
"ARLAN GRIP";"966";"ru";"Бренд";"";"0"
"Asics";"851";"ru";"Бренд";"";"0"
"Bad Boy";"963";"ru";"Бренд";"";"0"
"Band4Power";"862";"ru";"Бренд";"";"0"
"BB Tape";"853";"ru";"Бренд";"";"0"
"Box Master";"875";"ru";"Бренд";"";"0"
"Buff";"864";"ru";"Бренд";"";"0"
"Buka Boxing";"857";"ru";"Бренд";"";"0"
"Century";"874";"ru";"Бренд";"";"0"
"Century";"854";"ru";"Бренд";"";"0"
"Clinch";"870";"ru";"Бренд";"";"0"
"Coban";"847";"ru";"Бренд";"";"0"
"Cody Lundin";"2397";"ru";"Бренд";"";"0"
"Cody Lundin";"2382";"ru";"Бренд";"";"0"
"Cody Lundin";"969";"ru";"Бренд";"";"0"
"Cody Lundin";"829";"ru";"Бренд";"";"0"
"Cody Lundin";"2380";"ru";"Бренд";"";"0"
"Cody Lundin";"2403";"ru";"Бренд";"";"0"
"Cody Lundin";"961";"ru";"Бренд";"";"0"
"Cody Lundin";"2376";"ru";"Бренд";"";"0"
"Cody Lundin";"2399";"ru";"Бренд";"";"0"
"Dare 2b";"863";"ru";"Бренд";"";"0"
"Everlast";"962";"ru";"Бренд";"";"0"
"Firuz";"833";"ru";"Бренд";"";"0"
"Fixgear";"836";"ru";"Бренд";"";"0"
"Fixgear";"848";"ru";"Бренд";"";"0"
"Fixgear";"849";"ru";"Бренд";"";"0"
"Fixgear";"839";"ru";"Бренд";"";"0"
"Fixgear";"840";"ru";"Бренд";"";"0"
"Fixgear";"831";"ru";"Бренд";"";"0"
"Fixgear";"844";"ru";"Бренд";"";"0"
"Fixgear";"834";"ru";"Бренд";"";"0"
"Fixgear";"846";"ru";"Бренд";"";"0"
"Grande";"841";"ru";"Бренд";"";"0"
"Green hill";"837";"ru";"Бренд";"";"0"
"Hardcore Training";"2398";"ru";"Бренд";"";"0"
"Hayabusa";"964";"ru";"Бренд";"";"0"
"HOKA ONE ONE";"2401";"ru";"Бренд";"";"0"
"Kinesio";"881";"ru";"Бренд";"";"0"
"Legflex";"855";"ru";"Бренд";"";"0"
"Makura";"845";"ru";"Бренд";"";"0"
"Marram Sport";"865";"ru";"Бренд";"";"0"
"Matsuru";"2404";"ru";"Бренд";"";"0"
"Mizuno";"873";"ru";"Бренд";"";"0"
"Mueller";"871";"ru";"Бренд";"";"0"
"NAROO MASK 2020";"878";"ru";"Бренд";"";"0"
"New Balance";"970";"ru";"Бренд";"";"0"
"Nike";"2400";"ru";"Бренд";"";"0"
"OCTAGON";"2381";"ru";"Бренд";"";"0"
"Polaroid";"879";"ru";"Бренд";"";"0"
"R4Power";"835";"ru";"Бренд";"";"0"
"RDX";"2377";"ru";"Бренд";"";"0"
"Reebok";"2378";"ru";"Бренд";"";"0"
"Ringhorns";"876";"ru";"Бренд";"";"0"
"Rival";"882";"ru";"Бренд";"";"0"
"Rival";"850";"ru";"Бренд";"";"0"
"RockTape";"858";"ru";"Бренд";"";"0"
"Saucony";"856";"ru";"Бренд";"";"0"
"SKLZ";"828";"ru";"Бренд";"";"0"
"SKLZ";"883";"ru";"Бренд";"";"0"
"Speedo";"869";"ru";"Бренд";"";"0"
"SpiderTech";"830";"ru";"Бренд";"";"0"
"Sunlin";"2379";"ru";"Бренд";"";"0"
"TITLE";"2402";"ru";"Бренд";"";"0"
"Totalbox";"843";"ru";"Бренд";"";"0"
"Training Mask";"859";"ru";"Бренд";"";"0"
"TRX";"838";"ru";"Бренд";"";"0"
"TYR";"880";"ru";"Бренд";"";"0"
"Ultimatum boxing";"867";"ru";"Бренд";"";"0"
"Under Armour";"968";"ru";"Бренд";"";"0"
"Venum";"861";"ru";"Бренд";"";"0"
"Warriors Equipment";"832";"ru";"Бренд";"";"0"
"WinWay";"866";"ru";"Бренд";"";"0"
"Ок Sport";"868";"ru";"Бренд";"";"0"
"САБО";"872";"ru";"Бренд";"";"0"
"Legasy 2.0";"884";"ru";"Серия";"";"0"
"Pro 3.0";"885";"ru";"Серия";"";"0"
" Камбоджа";"954";"ru";"Страна";"";"0"
" Китай ";"926";"ru";"Страна";"";"0"
" Малайзия";"952";"ru";"Страна";"";"0"
" Пакистан";"919";"ru";"Страна";"";"0"
" Россия";"2384";"ru";"Страна";"";"0"
"Китай";"938";"ru";"Страна";"";"0"
